1;1;2022-04-26 16:00:00;2022-04-26 19:00:00;2022-04-26;2022-04-22;2022-04-22
1;2;2022-04-26 19:00:00;2022-04-26 22:00:00;2022-04-26;2022-04-22;2022-04-22
1;3;2022-04-26 22:00:00;2022-04-27 01:00:00;2022-04-26;2022-04-22;2022-04-22
1;4;2022-04-27 16:00:00;2022-04-27 19:00:00;2022-04-27;2022-04-22;2022-04-22
1;5;2022-04-27 19:00:00;2022-04-27 22:00:00;2022-04-27;2022-04-22;2022-04-22
1;6;2022-04-27 22:00:00;2022-04-28 01:00:00;2022-04-27;2022-04-22;2022-04-22
1;7;2022-04-28 16:00:00;2022-04-28 19:00:00;2022-04-28;2022-04-22;2022-04-22
1;8;2022-04-28 19:00:00;2022-04-28 22:00:00;2022-04-28;2022-04-22;2022-04-22
1;9;2022-04-28 22:00:00;2022-04-29 01:00:00;2022-04-28;2022-04-22;2022-04-22
1;10;2022-04-29 13:00:00;2022-04-29 16:00:00;2022-04-29;2022-04-22;2022-04-22
1;11;2022-04-29 16:00:00;2022-04-29 19:00:00;2022-04-29;2022-04-22;2022-04-22
1;12;2022-04-29 19:00:00;2022-04-29 22:00:00;2022-04-29;2022-04-22;2022-04-22
1;1;2022-04-29 22:00:00;2022-04-30 01:00:00;2022-04-29;2022-04-22;2022-04-22
1;2;2022-04-30 13:00:00;2022-04-30 16:00:00;2022-04-30;2022-04-22;2022-04-22
1;3;2022-04-30 16:00:00;2022-04-30 19:00:00;2022-04-30;2022-04-22;2022-04-22
1;4;2022-04-30 19:00:00;2022-04-30 22:00:00;2022-04-30;2022-04-22;2022-04-22
1;5;2022-04-30 22:00:00;2022-05-01 01:00:00;2022-04-30;2022-04-22;2022-04-22
1;6;2022-05-01 13:00:00;2022-05-01 16:00:00;2022-05-01;2022-04-22;2022-04-22
1;7;2022-05-01 16:00:00;2022-05-01 19:00:00;2022-05-01;2022-04-22;2022-04-22
1;8;2022-05-01 19:00:00;2022-05-01 22:00:00;2022-05-01;2022-04-22;2022-04-22
1;9;2022-05-01 22:00:00;2022-05-02 01:00:00;2022-05-01;2022-04-22;2022-04-22
1;10;2022-05-02 16:00:00;2022-05-02 19:00:00;2022-05-02;2022-04-22;2022-04-22
1;11;2022-05-02 19:00:00;2022-05-02 22:00:00;2022-05-02;2022-04-22;2022-04-22
1;12;2022-05-02 22:00:00;2022-05-03 01:00:00;2022-05-02;2022-04-22;2022-04-22
1;1;2022-05-03 16:00:00;2022-05-03 19:00:00;2022-05-03;2022-04-22;2022-04-22
1;2;2022-05-03 19:00:00;2022-05-03 22:00:00;2022-05-03;2022-04-22;2022-04-22
1;3;2022-05-03 22:00:00;2022-05-04 01:00:00;2022-05-03;2022-04-22;2022-04-22
1;4;2022-05-04 16:00:00;2022-05-04 19:00:00;2022-05-04;2022-04-22;2022-04-22
1;5;2022-05-04 19:00:00;2022-05-04 22:00:00;2022-05-04;2022-04-22;2022-04-22
1;6;2022-05-04 22:00:00;2022-05-05 01:00:00;2022-05-04;2022-04-22;2022-04-22
1;7;2022-05-05 16:00:00;2022-05-05 19:00:00;2022-05-05;2022-04-22;2022-04-22
1;8;2022-05-05 19:00:00;2022-05-05 22:00:00;2022-05-05;2022-04-22;2022-04-22
1;9;2022-05-05 22:00:00;2022-05-06 01:00:00;2022-05-05;2022-04-22;2022-04-22
1;10;2022-05-06 13:00:00;2022-05-06 16:00:00;2022-05-06;2022-04-22;2022-04-22
1;11;2022-05-06 16:00:00;2022-05-06 19:00:00;2022-05-06;2022-04-22;2022-04-22
1;12;2022-05-06 19:00:00;2022-05-06 22:00:00;2022-05-06;2022-04-22;2022-04-22
1;1;2022-05-06 22:00:00;2022-05-07 01:00:00;2022-05-06;2022-04-22;2022-04-22
1;2;2022-05-07 13:00:00;2022-05-07 16:00:00;2022-05-07;2022-04-22;2022-04-22
1;3;2022-05-07 16:00:00;2022-05-07 19:00:00;2022-05-07;2022-04-22;2022-04-22
1;4;2022-05-07 19:00:00;2022-05-07 22:00:00;2022-05-07;2022-04-22;2022-04-22
1;5;2022-05-07 22:00:00;2022-05-08 01:00:00;2022-05-07;2022-04-22;2022-04-22
1;6;2022-05-08 13:00:00;2022-05-08 16:00:00;2022-05-08;2022-04-22;2022-04-22
1;7;2022-05-08 16:00:00;2022-05-08 19:00:00;2022-05-08;2022-04-22;2022-04-22
1;8;2022-05-08 19:00:00;2022-05-08 22:00:00;2022-05-08;2022-04-22;2022-04-22
1;9;2022-05-08 22:00:00;2022-05-09 01:00:00;2022-05-08;2022-04-22;2022-04-22
1;10;2022-05-09 16:00:00;2022-05-09 19:00:00;2022-05-09;2022-04-22;2022-04-22
1;11;2022-05-09 19:00:00;2022-05-09 22:00:00;2022-05-09;2022-04-22;2022-04-22
1;12;2022-05-09 22:00:00;2022-05-10 01:00:00;2022-05-09;2022-04-22;2022-04-22
1;1;2022-05-10 16:00:00;2022-05-10 19:00:00;2022-05-10;2022-04-22;2022-04-22
1;2;2022-05-10 19:00:00;2022-05-10 22:00:00;2022-05-10;2022-04-22;2022-04-22
1;3;2022-05-10 22:00:00;2022-05-11 01:00:00;2022-05-10;2022-04-22;2022-04-22
1;4;2022-05-11 16:00:00;2022-05-11 19:00:00;2022-05-11;2022-04-22;2022-04-22
1;5;2022-05-11 19:00:00;2022-05-11 22:00:00;2022-05-11;2022-04-22;2022-04-22
1;6;2022-05-11 22:00:00;2022-05-12 01:00:00;2022-05-11;2022-04-22;2022-04-22
1;7;2022-05-12 16:00:00;2022-05-12 19:00:00;2022-05-12;2022-04-22;2022-04-22
1;8;2022-05-12 19:00:00;2022-05-12 22:00:00;2022-05-12;2022-04-22;2022-04-22
1;9;2022-05-12 22:00:00;2022-05-13 01:00:00;2022-05-12;2022-04-22;2022-04-22
1;10;2022-05-13 13:00:00;2022-05-13 16:00:00;2022-05-13;2022-04-22;2022-04-22
1;11;2022-05-13 16:00:00;2022-05-13 19:00:00;2022-05-13;2022-04-22;2022-04-22
1;12;2022-05-13 19:00:00;2022-05-13 22:00:00;2022-05-13;2022-04-22;2022-04-22
1;1;2022-05-13 22:00:00;2022-05-14 01:00:00;2022-05-13;2022-04-22;2022-04-22
1;2;2022-05-14 13:00:00;2022-05-14 16:00:00;2022-05-14;2022-04-22;2022-04-22
1;3;2022-05-14 16:00:00;2022-05-14 19:00:00;2022-05-14;2022-04-22;2022-04-22
1;4;2022-05-14 19:00:00;2022-05-14 22:00:00;2022-05-14;2022-04-22;2022-04-22
1;5;2022-05-14 22:00:00;2022-05-15 01:00:00;2022-05-14;2022-04-22;2022-04-22
1;6;2022-05-15 13:00:00;2022-05-15 16:00:00;2022-05-15;2022-04-22;2022-04-22
1;7;2022-05-15 16:00:00;2022-05-15 19:00:00;2022-05-15;2022-04-22;2022-04-22
1;8;2022-05-15 19:00:00;2022-05-15 22:00:00;2022-05-15;2022-04-22;2022-04-22
1;9;2022-05-15 22:00:00;2022-05-16 01:00:00;2022-05-15;2022-04-22;2022-04-22
1;10;2022-05-16 16:00:00;2022-05-16 19:00:00;2022-05-16;2022-04-22;2022-04-22
1;11;2022-05-16 19:00:00;2022-05-16 22:00:00;2022-05-16;2022-04-22;2022-04-22
1;12;2022-05-16 22:00:00;2022-05-17 01:00:00;2022-05-16;2022-04-22;2022-04-22
1;1;2022-05-17 16:00:00;2022-05-17 19:00:00;2022-05-17;2022-04-22;2022-04-22
1;2;2022-05-17 19:00:00;2022-05-17 22:00:00;2022-05-17;2022-04-22;2022-04-22
1;3;2022-05-17 22:00:00;2022-05-18 01:00:00;2022-05-17;2022-04-22;2022-04-22
1;4;2022-05-18 16:00:00;2022-05-18 19:00:00;2022-05-18;2022-04-22;2022-04-22
1;5;2022-05-18 19:00:00;2022-05-18 22:00:00;2022-05-18;2022-04-22;2022-04-22
1;6;2022-05-18 22:00:00;2022-05-19 01:00:00;2022-05-18;2022-04-22;2022-04-22
1;7;2022-05-19 16:00:00;2022-05-19 19:00:00;2022-05-19;2022-04-22;2022-04-22
1;8;2022-05-19 19:00:00;2022-05-19 22:00:00;2022-05-19;2022-04-22;2022-04-22
1;9;2022-05-19 22:00:00;2022-05-20 01:00:00;2022-05-19;2022-04-22;2022-04-22
1;10;2022-05-20 13:00:00;2022-05-20 16:00:00;2022-05-20;2022-04-22;2022-04-22
1;11;2022-05-20 16:00:00;2022-05-20 19:00:00;2022-05-20;2022-04-22;2022-04-22
1;12;2022-05-20 19:00:00;2022-05-20 22:00:00;2022-05-20;2022-04-22;2022-04-22
1;1;2022-05-20 22:00:00;2022-05-21 01:00:00;2022-05-20;2022-04-22;2022-04-22
1;2;2022-05-21 13:00:00;2022-05-21 16:00:00;2022-05-21;2022-04-22;2022-04-22
1;3;2022-05-21 16:00:00;2022-05-21 19:00:00;2022-05-21;2022-04-22;2022-04-22
1;4;2022-05-21 19:00:00;2022-05-21 22:00:00;2022-05-21;2022-04-22;2022-04-22
1;5;2022-05-21 22:00:00;2022-05-22 01:00:00;2022-05-21;2022-04-22;2022-04-22
1;6;2022-05-22 13:00:00;2022-05-22 16:00:00;2022-05-22;2022-04-22;2022-04-22
1;7;2022-05-22 16:00:00;2022-05-22 19:00:00;2022-05-22;2022-04-22;2022-04-22
1;8;2022-05-22 19:00:00;2022-05-22 22:00:00;2022-05-22;2022-04-22;2022-04-22
1;9;2022-05-22 22:00:00;2022-05-23 01:00:00;2022-05-22;2022-04-22;2022-04-22
1;10;2022-05-23 16:00:00;2022-05-23 19:00:00;2022-05-23;2022-04-22;2022-04-22
1;11;2022-05-23 19:00:00;2022-05-23 22:00:00;2022-05-23;2022-04-22;2022-04-22
1;12;2022-05-23 22:00:00;2022-05-24 01:00:00;2022-05-23;2022-04-22;2022-04-22
1;1;2022-05-24 16:00:00;2022-05-24 19:00:00;2022-05-24;2022-04-22;2022-04-22
1;2;2022-05-24 19:00:00;2022-05-24 22:00:00;2022-05-24;2022-04-22;2022-04-22
1;3;2022-05-24 22:00:00;2022-05-25 01:00:00;2022-05-24;2022-04-22;2022-04-22
1;4;2022-05-25 16:00:00;2022-05-25 19:00:00;2022-05-25;2022-04-22;2022-04-22
1;5;2022-05-25 19:00:00;2022-05-25 22:00:00;2022-05-25;2022-04-22;2022-04-22
1;6;2022-05-25 22:00:00;2022-05-26 01:00:00;2022-05-25;2022-04-22;2022-04-22
1;7;2022-05-26 16:00:00;2022-05-26 19:00:00;2022-05-26;2022-04-22;2022-04-22
1;8;2022-05-26 19:00:00;2022-05-26 22:00:00;2022-05-26;2022-04-22;2022-04-22
1;9;2022-05-26 22:00:00;2022-05-27 01:00:00;2022-05-26;2022-04-22;2022-04-22
1;10;2022-05-27 13:00:00;2022-05-27 16:00:00;2022-05-27;2022-04-22;2022-04-22
1;11;2022-05-27 16:00:00;2022-05-27 19:00:00;2022-05-27;2022-04-22;2022-04-22
1;12;2022-05-27 19:00:00;2022-05-27 22:00:00;2022-05-27;2022-04-22;2022-04-22
1;1;2022-05-27 22:00:00;2022-05-28 01:00:00;2022-05-27;2022-04-22;2022-04-22
1;2;2022-05-28 13:00:00;2022-05-28 16:00:00;2022-05-28;2022-04-22;2022-04-22
1;3;2022-05-28 16:00:00;2022-05-28 19:00:00;2022-05-28;2022-04-22;2022-04-22
1;4;2022-05-28 19:00:00;2022-05-28 22:00:00;2022-05-28;2022-04-22;2022-04-22
1;5;2022-05-28 22:00:00;2022-05-29 01:00:00;2022-05-28;2022-04-22;2022-04-22
1;6;2022-05-29 13:00:00;2022-05-29 16:00:00;2022-05-29;2022-04-22;2022-04-22
1;7;2022-05-29 16:00:00;2022-05-29 19:00:00;2022-05-29;2022-04-22;2022-04-22
1;8;2022-05-29 19:00:00;2022-05-29 22:00:00;2022-05-29;2022-04-22;2022-04-22
1;9;2022-05-29 22:00:00;2022-05-30 01:00:00;2022-05-29;2022-04-22;2022-04-22
1;10;2022-05-30 16:00:00;2022-05-30 19:00:00;2022-05-30;2022-04-22;2022-04-22
1;11;2022-05-30 19:00:00;2022-05-30 22:00:00;2022-05-30;2022-04-22;2022-04-22
1;12;2022-05-30 22:00:00;2022-05-31 01:00:00;2022-05-30;2022-04-22;2022-04-22
